{
  "version": 1,
  "author": "Anonymous maker",
  "editor": "wokwi",
  "parts": [
    { "type": "board-esp32-devkit-c-v4", "id": "esp", "top": -48, "left": -33.56, "attrs": {} },
    {
      "type": "wokwi-led",
      "id": "led1",
      "top": 46.8,
      "left": 150.6,
      "rotate": 90,
      "attrs": { "color": "red" }
    },
    {
      "type": "wokwi-resistor",
      "id": "r1",
      "top": 109.55,
      "left": 76.8,
      "attrs": { "value": "1000" }
    }
  ],
  "connections": [
    [ "esp:TX", "$serialMonitor:RX", "", [] ],
    [ "esp:RX", "$serialMonitor:TX", "", [] ],
    [ "esp:GND.3", "led1:C", "black", [ "h0" ] ],
    [ "r1:1", "esp:2", "green", [ "v0" ] ],
    [ "led1:A", "r1:2", "green", [ "h0" ] ]
  ],
  "dependencies": {}
}